id,stimulus_id,image_name,country,vehicle,ehmi,distance
1,4W_10m_GX010158_2-46_v2_Chaliye.jpg,image_1,INDIA,Car,Chaliye,10
2,4W_10m_GX010158_2-46_v2_Rukiye.jpg,image_2,INDIA,Car,Rukiye,10
3,4W_10m_GX010158_2-46_v2_STOP.jpg,image_3,INDIA,Car,Stop,10
4,4W_10m_GX010158_2-46_v2_SymbolGreen.jpg,image_4,INDIA,Car,SymbolGreen,10
5,4W_10m_GX010158_2-46_v2_SymbolRed.jpg,image_5,INDIA,Car,SymbolRed,10
6,4W_10m_GX010158_2-46_v2_WALK.jpg,image_6,INDIA,Car,Walk,10
7,4W_10m_GX010158_2-46_v2.jpg,image_7,INDIA,Car,Base,10
8,4W_20m_GX010158_2-46_v2_Chaliye.jpg,image_8,INDIA,Car,Chaliye,20
9,4W_20m_GX010158_2-46_v2_Rukiye.jpg,image_9,INDIA,Car,Rukiye,20
10,4W_20m_GX010158_2-46_v2_Stop.jpg,image_10,INDIA,Car,Stop,20
11,4W_20m_GX010158_2-46_v2_SymbolGreen.jpg,image_11,INDIA,Car,SymbolGreen,20
12,4W_20m_GX010158_2-46_v2_SymbolRed.jpg,image_12,INDIA,Car,SymbolRed,20
13,4W_20m_GX010158_2-46_v2_Walk.jpg,image_13,INDIA,Car,Walk,20
14,4W_20m_GX010158_2-46_v2.jpg,image_14,INDIA,Car,Base,20
15,Bus_10m_GX010158_2-03_v1_Chaliye.jpg,image_15,INDIA,Bus,Chaliye,10
16,Bus_10m_GX010158_2-03_v1_GreenBar.jpg,image_16,INDIA,Bus,GreenBar,10
17,Bus_10m_GX010158_2-03_v1_RedBar.jpg,image_17,INDIA,Bus,RedBar,10
18,Bus_10m_GX010158_2-03_v1_Rukiye.jpg,image_18,INDIA,Bus,Rukiye,10
19,Bus_10m_GX010158_2-03_v1_STOP.jpg,image_19,INDIA,Bus,Stop,10
20,Bus_10m_GX010158_2-03_v1_WALK.jpg,image_20,INDIA,Bus,Walk,10
21,Bus_10m_GX010158_2-03_v1.jpg,image_21,INDIA,Bus,Base,10
22,MiniTruck_10m_GX010158_7-22__SymbolGreen.jpg,image_22,INDIA,Truck,SymbolGreen,10
23,MiniTruck_10m_GX010158_7-22__SymbolRed.jpg,image_23,INDIA,Truck,SymbolRed,10
24,MiniTruck_10m_GX010158_7-22_Chaliye.jpg,image_24,INDIA,Truck,Chaliye,10
25,MiniTruck_10m_GX010158_7-22_Rukiye.jpg,image_25,INDIA,Truck,Rukiye,10
26,MiniTruck_10m_GX010158_7-22_Stop.jpg,image_26,INDIA,Truck,Stop,10
27,MiniTruck_10m_GX010158_7-22_Walk.jpg,image_27,INDIA,Truck,Walk,10
28,MiniTruck_10m_GX010158_7-22.jpg,image_28,INDIA,Truck,Base,10
29,MiniTruck_20m_GX010158_7-22_Chaliye.jpg,image_29,INDIA,Truck,Chaliye,20
30,MiniTruck_20m_GX010158_7-22_Rukiye.jpg,image_30,INDIA,Truck,Rukiye,20
31,MiniTruck_20m_GX010158_7-22_Stop.jpg,image_31,INDIA,Truck,Stop,20
32,MiniTruck_20m_GX010158_7-22_SymbolGreen.jpg,image_32,INDIA,Truck,SymbolGreen,20
33,MiniTruck_20m_GX010158_7-22_SymbolRed.jpg,image_33,INDIA,Truck,SymbolRed,20
34,MiniTruck_20m_GX010158_7-22_Walk.jpg,image_34,INDIA,Truck,Walk,20
35,MiniTruck_20m_GX010158_7-22.jpg,image_35,INDIA,Truck,Base,20
36,TT_10m_GX010158_1-34_v1_Chaliye.jpg,image_36,INDIA,Tuk_Tuk,Chaliye,10
37,TT_10m_GX010158_1-34_v1_Rukiye.jpg,image_37,INDIA,Tuk_Tuk,Rukiye,10
38,TT_10m_GX010158_1-34_v1_Stop.jpg,image_38,INDIA,Tuk_Tuk,Stop,10
39,TT_10m_GX010158_1-34_v1_SymbolGreen.jpg,image_39,INDIA,Tuk_Tuk,SymbolGreen,10
40,TT_10m_GX010158_1-34_v1_SymbolRed.jpg,image_40,INDIA,Tuk_Tuk,SymbolRed,10
41,TT_10m_GX010158_1-34_v1_Walk.jpg,image_41,INDIA,Tuk_Tuk,Walk,10
42,TT_10m_GX010158_1-34_v1.jpg,image_42,INDIA,Tuk_Tuk,Base,10
43,TT_20m_GX010158_1-34_v1_Chaliye.jpg,image_43,INDIA,Tuk_Tuk,Chaliye,20
44,TT_20m_GX010158_1-34_v1_Rukiye.jpg,image_44,INDIA,Tuk_Tuk,Rukiye,20
45,TT_20m_GX010158_1-34_v1_Stop.jpg,image_45,INDIA,Tuk_Tuk,Stop,20
46,TT_20m_GX010158_1-34_v1_SymbolGreen.jpg,image_46,INDIA,Tuk_Tuk,SymbolGreen,20
47,TT_20m_GX010158_1-34_v1_SymbolRed.jpg,image_47,INDIA,Tuk_Tuk,SymbolRed,20
48,TT_20m_GX010158_1-34_v1_Walk.jpg,image_48,INDIA,Tuk_Tuk,Walk,20
49,TT_20m_GX010158_1-34_v1.jpg,image_49,INDIA,Tuk_Tuk,Base,20
50,Bus_10m_GX010158_2-03_v1_SymbolGreen,image_50,INDIA,Bus,SymbolGreen,10
51,Bus_10m_GX010158_2-03_v1_SymbolRed,image_51,INDIA,Bus,SymbolRed,10
52,Bus_20m_GX010158_2-03_v1,image_52,INDIA,Bus,Base,20
53,Bus_20m_GX010158_2-03_v1_Chaliye,image_53,INDIA,Bus,Chaliye,20
54,Bus_20m_GX010158_2-03_v1_GreenBar,image_54,INDIA,Bus,GreenBar,20
55,Bus_20m_GX010158_2-03_v1_RedBar,image_55,INDIA,Bus,RedBar,20
56,Bus_20m_GX010158_2-03_v1_Rukiye,image_56,INDIA,Bus,Rukiye,20
57,Bus_20m_GX010158_2-03_v1_STOP,image_57,INDIA,Bus,Stop,20
58,Bus_20m_GX010158_2-03_v1_SymbolGreen,image_58,INDIA,Bus,SymbolGreen,20
59,Bus_20m_GX010158_2-03_v1_SymbolRed,image_59,INDIA,Bus,SymbolRed,20
60,Bus_20m_GX010158_2-03_v1_Walk,image_60,INDIA,Bus,Walk,20
61,4W_10m_GX010158_2-46_v2_GREEN BAR,image_61,INDIA,Car,GreenBar,10
62,4W_10m_GX010158_2-46_v2_RED BAR,image_62,INDIA,Car,RedBar,10
63,4W_20m_GX010158_2-46_v2_greenBar,image_63,INDIA,Car,GreenBar,20
64,4W_20m_GX010158_2-46_v2_RedBar,image_64,INDIA,Car,RedBar,20
65,MiniTruck_10m_GX010158_7-22_GreenBar,image_65,INDIA,Truck,GreenBar,10
66,MiniTruck_10m_GX010158_7-22_RedBar,image_66,INDIA,Truck,RedBar,10
67,MiniTruck_20m_GX010158_7-22_GreenBar,image_67,INDIA,Truck,GreenBar,20
68,MiniTruck_20m_GX010158_7-22_RedBar,image_68,INDIA,Truck,RedBar,20
69,TT_10m_GX010158_1-34_v1_GreenBar,image_69,INDIA,Tuk_Tuk,GreenBar,10
70,TT_10m_GX010158_1-34_v1_RedBar,image_70,INDIA,Tuk_Tuk,RedBar,10
71,TT_20m_GX010158_1-34_v1_GreenBar,image_71,INDIA,Tuk_Tuk,GreenBar,20
72,TT_20m_GX010158_1-34_v1_RedBar,image_72,INDIA,Tuk_Tuk,RedBar,20
73,NL_Bus3_10m,image_73,Netherlands,Bus,Base,10
74,NL_Bus3_10m_Green_Symbol,image_74,Netherlands,Bus,SymbolGreen,10
75,NL_Bus3_10m_GreenBar,image_75,Netherlands,Bus,GreenBar,10
76,NL_Bus3_10m_LOPEN,image_76,Netherlands,Bus,Lopen,10
77,NL_Bus3_10m_Red_Symbol,image_77,Netherlands,Bus,SymbolRed,10
78,NL_Bus3_10m_RedBar,image_78,Netherlands,Bus,RedBar,10
79,NL_Bus3_10m_Stop,image_79,Netherlands,Bus,Stop,10
80,NL_Bus3_10m_WALK,image_80,Netherlands,Bus,Walk,10
81,NL_Bus3_20m,image_81,Netherlands,Bus,Base,20
82,NL_Bus3_20m_Green_Symbol,image_82,Netherlands,Bus,SymbolGreen,20
83,NL_Bus3_20m_GreenBar,image_83,Netherlands,Bus,GreenBar,20
84,NL_Bus3_20m_LOPEN,image_84,Netherlands,Bus,Lopen,20
85,NL_Bus3_20m_Red_Symbol,image_85,Netherlands,Bus,SymbolRed,20
86,NL_Bus3_20m_RedBar,image_86,Netherlands,Bus,RedBar,20
87,NL_Bus3_20m_Stop,image_87,Netherlands,Bus,Stop,20
88,NL_Bus3_20m_WALK,image_88,Netherlands,Bus,Walk,20
89,NL_Car2_10m,image_89,Netherlands,Car,Base,10
90,NL_Car2_10m_GreenBar,image_90,Netherlands,Car,GreenBar,10
91,NL_Car2_10m_GreenSymbol,image_91,Netherlands,Car,SymbolGreen,10
92,NL_Car2_10m_LOPEN,image_92,Netherlands,Car,Lopen,10
93,NL_Car2_10m_RedBar,image_93,Netherlands,Car,RedBar,10
94,NL_Car2_10m_RedSymbol,image_94,Netherlands,Car,SymbolRed,10
95,NL_Car2_10m_STOP,image_95,Netherlands,Car,Stop,10
96,NL_Car2_10m_WALK,image_96,Netherlands,Car,Walk,10
97,NL_Car2_20m,image_97,Netherlands,Car,Base,20
98,NL_Car2_20m_GreenBar,image_98,Netherlands,Car,GreenBar,20
99,NL_Car2_20m_GreenSymbol,image_99,Netherlands,Car,SymbolGreen,20
100,NL_Car2_20m_Lopen,image_100,Netherlands,Car,Lopen,20
101,NL_Car2_20m_RedBar,image_101,Netherlands,Car,RedBar,20
102,NL_Car2_20m_RedSymbol,image_102,Netherlands,Car,SymbolRed,20
103,NL_Car2_20m_Stop,image_103,Netherlands,Car,Stop,20
104,NL_Car2_20m_Walk,image_104,Netherlands,Car,Walk,20
105,NL_Truck_10m,image_105,Netherlands,Truck,Base,10
106,NL_Truck_10m_GreenBar,image_106,Netherlands,Truck,GreenBar,10
107,NL_Truck_10m_Lopen,image_107,Netherlands,Truck,Lopen,10
108,NL_Truck_10m_RedBar,image_108,Netherlands,Truck,RedBar,10
109,NL_Truck_10m_STOP,image_109,Netherlands,Truck,Stop,10
110,NL_Truck_10m_SymbolGreen,image_110,Netherlands,Truck,SymbolGreen,10
111,NL_Truck_10m_SymbolRed,image_111,Netherlands,Truck,SymbolRed,10
112,NL_Truck_20m,image_112,Netherlands,Truck,Base,20
113,NL_Truck_20m_GreenBar,image_113,Netherlands,Truck,GreenBar,20
114,NL_Truck_20m_Lopen,image_114,Netherlands,Truck,Lopen,20
115,NL_Truck_20m_RedBar,image_115,Netherlands,Truck,RedBar,20
116,NL_Truck_20m_STOP,image_116,Netherlands,Truck,Stop,20
117,NL_Truck_20m_SymbolGreen,image_117,Netherlands,Truck,SymbolGreen,20
118,NL_Truck_20m_SymbolRed,image_118,Netherlands,Truck,SymbolRed,20
119,NL_Truck_20m_WALK,image_119,Netherlands,Truck,Walk,20
120,NL_Truck_10m_Walk,image_120,Netherlands,Truck,Walk,10
121,NL_TukTuk_10m,image_121,Netherlands,Tuk_Tuk,Base,10
122,NL_TukTuk_10m_GreenBar,image_122,Netherlands,Tuk_Tuk,GreenBar,10
123,NL_TukTuk_10m_LOPEN,image_123,Netherlands,Tuk_Tuk,Lopen,10
124,NL_TukTuk_10m_RedBar,image_124,Netherlands,Tuk_Tuk,RedBar,10
125,NL_TukTuk_10m_STOP,image_125,Netherlands,Tuk_Tuk,Stop,10
126,NL_TukTuk_10m_SymbolGreen,image_126,Netherlands,Tuk_Tuk,SymbolGreen,10
127,NL_TukTuk_10m_SymbolRed,image_127,Netherlands,Tuk_Tuk,SymbolRed,10
128,NL_TukTuk_10m_WALK,image_128,Netherlands,Tuk_Tuk,Walk,10
129,NL_TukTuk_20m,image_129,Netherlands,Tuk_Tuk,Base,20
130,NL_TukTuk_20m_GreenBar,image_130,Netherlands,Tuk_Tuk,GreenBar,20
131,NL_TukTuk_20m_Lopen,image_131,Netherlands,Tuk_Tuk,Lopen,20
132,NL_TukTuk_20m_RedBar,image_132,Netherlands,Tuk_Tuk,RedBar,20
133,NL_TukTuk_20m_STOP,image_133,Netherlands,Tuk_Tuk,Stop,20
134,NL_TukTuk_20m_SymbolGreen,image_134,Netherlands,Tuk_Tuk,SymbolGreen,20
135,NL_TukTuk_20m_Symbolred,image_135,Netherlands,Tuk_Tuk,SymbolRed,20
136,NL_TukTuk_20m_Walk,image_136,Netherlands,Tuk_Tuk,Walk,20
